{
  "date": "2025-08-24",
  "employees": [],
  "managers": [],
  "shifts": {
    "morning": {
      "shift_type": "morning",
      "capacity": 5,
      "assigned_employees": []
    },
    "evening": {
      "shift_type": "evening",
      "capacity": 5,
      "assigned_employees": []
    }
  },
  "absences": {
    "مرخصی": [],
    "بیمار": [],
    "غایب": []
  },
  "settings": {
    "shift_capacity": 5,
    "shared_folder_path": "data"
  },
  "last_modified": "2025-08-24T17:35:16.973703"
}