{
  "date": "2025-09-03",
  "employees": [],
  "managers": [],
  "shifts": {
    "morning": {
      "shift_type": "morning",
      "capacity": 5,
      "assigned_employees": [
        null,
        null,
        null,
        null,
        null
      ],
      "created_at": "2025-09-03T22:08:27.281452",
      "updated_at": "2025-09-03T22:08:27.281452"
    },
    "evening": {
      "shift_type": "evening",
      "capacity": 5,
      "assigned_employees": [
        null,
        null,
        null,
        null,
        null
      ],
      "created_at": "2025-09-03T22:08:27.281452",
      "updated_at": "2025-09-03T22:08:27.281452"
    },
    "capacity": 5
  },
  "absences": {
    "مرخصی": [],
    "بیمار": [],
    "غایب": []
  },
  "tasks": {
    "tasks": {},
    "next_task_id": 1
  },
  "settings": {
    "shift_capacity": 5,
    "morning_capacity": 5,
    "evening_capacity": 5,
    "shared_folder_path": "data",
    "managers": []
  },
  "last_modified": "2025-09-03T22:08:27.313410"
}